exp_id,date,name,agent,eval_scheme,win_rate,n_games,lb_score,submission,changes,notes
EXP-0001,2026-10-07 18:13,exp01_random_selfplay,random_baseline,vs-random_baseline-n400,0.4475,400,,,框架对称性自检：random 自对弈应≈0.5（座位+reverse 双交替）,对手=random_baseline.py 平0 失败0
EXP-0002,2026-10-07 18:13,exp02_greedy_vs_random,greedy,vs-random_baseline-n200,0.8500,200,,,规则基线 develop_first+先手+铺满后备,对手=random_baseline.py 平0 失败0；同一策略(develop_first+先手+铺满后备)；本行与另一条同策略记录的差异属抽样噪声（两者等价），见 EXP-0004
EXP-0003,2026-10-07 18:13,exp03_main_vs_random,main,vs-random_baseline-n200,0.8050,200,,,提交入口 main.py 自包含版本,对手=random_baseline.py 平0 失败0；同一策略(develop_first+先手+铺满后备)；本行与另一条同策略记录的差异属抽样噪声（两者等价），见 EXP-0004
EXP-0004,2026-10-07 18:22,exp04_main_vs_greedy,main,vs-greedy-n300,0.5067,300,,,基线等价性验证：main.py 与 agents/greedy.py 应为同一策略,对手=greedy.py 平0 失败0
EXP-0005,2026-10-07 21:50,value_linear_v1,value:linear,val-auc-linear,0.6521,120,,,"V模型 linear: 53维特征, 按局切分",log_loss=0.6922 acc=0.6314 brier=0.2381 (win_rate列存的是AUC)
EXP-0006,2026-10-07 21:51,value_linear_v1,value:linear,val-auc-linear,0.6336,120,,,"V模型 linear: 53维特征, 按局切分",log_loss=0.6830 acc=0.6063 brier=0.2445 (win_rate列存的是AUC)
EXP-0007,2026-10-07 21:51,value_linear_v1,value:linear,val-auc-linear,0.7202,60,,,"V模型 linear: 53维特征, 按局切分",log_loss=0.6125 acc=0.6901 brier=0.2103 (win_rate列存的是AUC)
EXP-0008,2026-10-07 21:51,value_linear_v1,value:linear,val-auc-linear,0.6968,60,,,"V模型 linear: 53维特征, 按局切分",log_loss=0.6157 acc=0.6328 brier=0.2150 (win_rate列存的是AUC)
EXP-0009,2026-10-07 21:53,value_linear_v1,value:linear,val-auc-linear,0.7180,60,,,"V模型 linear: 53维特征, 按局切分",log_loss=0.6196 acc=0.6932 brier=0.2110 (win_rate列存的是AUC)
EXP-0010,2026-10-07 21:56,value_lightgbm_v1,value:lightgbm,val-auc-lightgbm,0.7344,60,,,"V模型 lightgbm: 53维特征, 按局切分",log_loss=0.8567 acc=0.7069 brier=0.2189 (win_rate列存的是AUC)
EXP-0011,2026-10-07 21:56,value_lightgbm_v1,value:lightgbm,val-auc-lightgbm,0.6942,60,,,"V模型 lightgbm: 53维特征, 按局切分",log_loss=0.6833 acc=0.6472 brier=0.2334 (win_rate列存的是AUC)
EXP-0012,2026-10-07 21:56,value_lightgbm_v1,value:lightgbm,val-auc-lightgbm,0.6691,120,,,"V模型 lightgbm: 53维特征, 按局切分",log_loss=0.7800 acc=0.6490 brier=0.2467 (win_rate列存的是AUC)
EXP-0013,2026-10-07 21:57,value_lightgbm_v1,value:lightgbm,val-auc-lightgbm,0.7044,60,,,"V模型 lightgbm: 53维特征, 按局切分",log_loss=0.6113 acc=0.7058 brier=0.2103 (win_rate列存的是AUC)
EXP-0014,2026-10-07 21:57,value_lightgbm_v1,value:lightgbm,val-auc-lightgbm,0.7124,60,,,"V模型 lightgbm: 53维特征, 按局切分",log_loss=0.6116 acc=0.6552 brier=0.2128 (win_rate列存的是AUC)
EXP-0015,2026-10-07 21:57,value_lightgbm_v1,value:lightgbm,val-auc-lightgbm,0.6763,120,,,"V模型 lightgbm: 53维特征, 按局切分",log_loss=0.6387 acc=0.6412 brier=0.2234 (win_rate列存的是AUC)
